[
{
    "name":"Charles Swindoll",
    "quotes":["We are all faced with a series of great opportunities brilliantly disguised as impossible situations.",
        "Each day of our lives we make deposits in the memory banks of our children.",
        "The remarkable thing is, we have a choice everyday regarding the attitude we will embrace for that day.",
    "When you have vision it affects your attitude. Your attitude is optimistic rather than pessimistic."],
    "image":"ambition"
},
{
    "name":"Charles Swindoll",
    "quotes":["We are all faced with a series of great opportunities brilliantly disguised as impossible situations.",
        "Each day of our lives we make deposits in the memory banks of our children.",
        "The remarkable thing is, we have a choice everyday regarding the attitude we will embrace for that day.",
    "When you have vision it affects your attitude. Your attitude is optimistic rather than pessimistic."],
    "image":"calm"
},
{
    "name":"Charles Swindoll",
    "quotes":["We are all faced with a series of great opportunities brilliantly disguised as impossible situations.",
        "Each day of our lives we make deposits in the memory banks of our children.",
        "The remarkable thing is, we have a choice everyday regarding the attitude we will embrace for that day.",
    "When you have vision it affects your attitude. Your attitude is optimistic rather than pessimistic."],
    "image":"focus"
},
{
    "name":"Charles Swindoll",
    "quotes":["We are all faced with a series of great opportunities brilliantly disguised as impossible situations.",
        "Each day of our lives we make deposits in the memory banks of our children.",
        "The remarkable thing is, we have a choice everyday regarding the attitude we will embrace for that day.",
    "When you have vision it affects your attitude. Your attitude is optimistic rather than pessimistic."],
    "image":"reflect"
}

]
